{
    "parent": "minecraft:item/template_skull",
	"overrides": [
		{"predicate": {"custom_model_data":1}, "model": "item/backpacks/normal"},
        {"predicate": {"custom_model_data":2}, "model": "item/backpacks/white"},
        {"predicate": {"custom_model_data":3}, "model": "item/backpacks/black"},
        {"predicate": {"custom_model_data":4}, "model": "item/backpacks/magenta"},
        {"predicate": {"custom_model_data":5}, "model": "item/backpacks/light_blue"},
        {"predicate": {"custom_model_data":6}, "model": "item/backpacks/green"},
        {"predicate": {"custom_model_data":7}, "model": "item/backpacks/pink_color"},
        {"predicate": {"custom_model_data":8}, "model": "item/backpacks/gray"},
        {"predicate": {"custom_model_data":9}, "model": "item/backpacks/light_gray"},
        {"predicate": {"custom_model_data":10}, "model": "item/backpacks/cyan"},
        {"predicate": {"custom_model_data":11}, "model": "item/backpacks/purple"},
        {"predicate": {"custom_model_data":12}, "model": "item/backpacks/red"},
        {"predicate": {"custom_model_data":13}, "model": "item/backpacks/multicolor"}
	]
}