{
	"credit": "Made with Blockbench",
	"texture_size": [64, 64],
	"textures": {
		"0": "./origin12",
		"particle": "./origin12"
	},
	"elements": [
		{
			"from": [6, 6, -11],
			"to": [7, 7, -9],
			"color": 0,
			"faces": {
				"north": {"uv": [0, 0, 0.25, 0.25], "rotation": 180, "texture": "#missing"},
				"east": {"uv": [0, 0, 0.5, 0.25], "rotation": 180, "texture": "#missing"},
				"south": {"uv": [0, 0, 0.25, 0.25], "rotation": 180, "texture": "#missing"},
				"west": {"uv": [0, 0, 0.5, 0.25], "rotation": 180, "texture": "#missing"},
				"up": {"uv": [0, 0, 0.25, 0.5], "rotation": 180, "texture": "#missing"},
				"down": {"uv": [0, 0, 0.25, 0.5], "rotation": 180, "texture": "#missing"}
			}
		},
		{
			"from": [4, 6, -9],
			"to": [9, 9, 2],
			"faces": {
				"north": {"uv": [4.5, 9.5, 5.75, 10.25], "texture": "#0"},
				"east": {"uv": [0, 0, 16, 4.75], "rotation": 180, "texture": "#0"},
				"south": {"uv": [0, 0, 1.25, 0.75], "texture": "#missing"},
				"west": {"uv": [0, 0, 16, 4.75], "rotation": 180, "texture": "#0"},
				"up": {"uv": [0, 11.25, 1.5, 14], "texture": "#0"},
				"down": {"uv": [8.25, 0, 10.75, 0.25], "texture": "#0"}
			}
		},
		{
			"from": [5, 5, -9],
			"to": [8, 6, 3],
			"faces": {
				"north": {"uv": [0, 0, 0.75, 0.25], "texture": "#0"},
				"east": {"uv": [0, 0, 3, 0.25], "texture": "#missing"},
				"south": {"uv": [0, 0, 0.75, 0.25], "texture": "#missing"},
				"west": {"uv": [0, 2.75, 16, 3], "texture": "#0"},
				"up": {"uv": [0, 0, 0.75, 3], "texture": "#missing"},
				"down": {"uv": [0, 4.75, 16, 8.25], "rotation": 90, "texture": "#0"}
			}
		},
		{
			"from": [5, 9, -9],
			"to": [8, 10, 2],
			"faces": {
				"north": {"uv": [0, 0, 0.75, 0.25], "texture": "#0"},
				"east": {"uv": [6, 7.25, 8.75, 7.5], "texture": "#0"},
				"south": {"uv": [0, 0, 0.75, 0.25], "texture": "#0"},
				"west": {"uv": [2.25, 7.25, 5, 7.5], "texture": "#0"},
				"up": {"uv": [0, 4.75, 16, 8.25], "rotation": 90, "texture": "#0"},
				"down": {"uv": [0, 0, 0.75, 2.75], "texture": "#missing"}
			}
		},
		{
			"from": [-1, 5, -6],
			"to": [4, 7, -4],
			"rotation": {"angle": 45, "axis": "x", "origin": [0, 0, 0]},
			"faces": {
				"north": {"uv": [0, 8.25, 5.75, 10.75], "texture": "#0"},
				"east": {"uv": [0, 0, 0.5, 0.5], "texture": "#missing"},
				"south": {"uv": [2.25, 10.5, 3.5, 10.75], "texture": "#0"},
				"west": {"uv": [5.75, 8.25, 8.25, 10.75], "texture": "#0"},
				"up": {"uv": [0, 10.75, 5.75, 8.25], "rotation": 180, "texture": "#0"},
				"down": {"uv": [1, 10.5, 2.25, 10.75], "texture": "#0"}
			}
		},
		{
			"from": [6, 10, -8],
			"to": [7, 11, -7],
			"color": 4,
			"faces": {
				"north": {"uv": [0, 0, 0.25, 0.25], "texture": "#missing"},
				"east": {"uv": [0, 0, 0.25, 0.25], "texture": "#missing"},
				"south": {"uv": [0, 0, 0.25, 0.25], "texture": "#missing"},
				"west": {"uv": [0, 0, 0.25, 0.25], "texture": "#missing"},
				"up": {"uv": [0, 0, 0.25, 0.25], "texture": "#missing"},
				"down": {"uv": [0, 0, 0.25, 0.25], "texture": "#missing"}
			}
		},
		{
			"from": [4, 6, 2],
			"to": [9, 9, 15],
			"color": 3,
			"faces": {
				"north": {"uv": [0, 0, 1.25, 0.75], "texture": "#missing"},
				"east": {"uv": [0, 0, 3.25, 0.75], "texture": "#missing"},
				"south": {"uv": [0, 0, 1.25, 0.75], "texture": "#missing"},
				"west": {"uv": [0, 0, 3.25, 0.75], "texture": "#missing"},
				"up": {"uv": [0, 0, 1.25, 3.25], "texture": "#missing"},
				"down": {"uv": [0, 0, 1.25, 3.25], "texture": "#missing"}
			}
		},
		{
			"from": [5, 9, 3],
			"to": [8, 10, 14],
			"color": 5,
			"faces": {
				"north": {"uv": [0, 0, 0.75, 0.25], "texture": "#missing"},
				"east": {"uv": [0, 0, 2.75, 0.25], "texture": "#missing"},
				"south": {"uv": [0, 0, 0.75, 0.25], "texture": "#missing"},
				"west": {"uv": [0, 0, 2.75, 0.25], "texture": "#missing"},
				"up": {"uv": [0, 0, 0.75, 2.75], "texture": "#missing"},
				"down": {"uv": [0, 0, 0.75, 2.75], "texture": "#missing"}
			}
		},
		{
			"from": [4, 5, 8],
			"to": [9, 6, 15],
			"color": 2,
			"faces": {
				"north": {"uv": [0, 0, 1.25, 0.25], "texture": "#missing"},
				"east": {"uv": [0, 0, 1.75, 0.25], "texture": "#missing"},
				"south": {"uv": [0, 0, 1.25, 0.25], "texture": "#missing"},
				"west": {"uv": [0, 0, 1.75, 0.25], "texture": "#missing"},
				"up": {"uv": [0, 0, 1.25, 1.75], "texture": "#missing"},
				"down": {"uv": [0, 0, 1.25, 1.75], "texture": "#missing"}
			}
		},
		{
			"from": [5, -5, 13],
			"to": [8, 0, 15],
			"rotation": {"angle": -22.5, "axis": "x", "origin": [0, 0, 0]},
			"color": 5,
			"faces": {
				"north": {"uv": [0, 0, 0.75, 1.25], "rotation": 180, "texture": "#missing"},
				"east": {"uv": [0, 0, 1.25, 0.5], "rotation": 270, "texture": "#missing"},
				"south": {"uv": [0, 0, 0.75, 1.25], "texture": "#missing"},
				"west": {"uv": [0, 0, 1.25, 0.5], "rotation": 90, "texture": "#missing"},
				"up": {"uv": [0, 0, 0.75, 0.5], "rotation": 180, "texture": "#missing"},
				"down": {"uv": [0, 0, 0.75, 0.5], "texture": "#missing"}
			}
		},
		{
			"from": [6, 7, 8],
			"to": [7, 10, 9],
			"rotation": {"angle": 22.5, "axis": "x", "origin": [0, 0, 0]},
			"faces": {
				"north": {"uv": [0, 0, 0.25, 0.5], "texture": "#0"},
				"east": {"uv": [0, 0, 0.25, 0.5], "texture": "#0"},
				"south": {"uv": [0, 0, 0.25, 0.5], "texture": "#0"},
				"west": {"uv": [0, 0, 0.25, 0.5], "texture": "#0"},
				"up": {"uv": [0, 0, 0.25, 0.25], "texture": "#missing"},
				"down": {"uv": [0, 0, 0.25, 0.25], "texture": "#0"}
			}
		},
		{
			"from": [6, 5, 15],
			"to": [7, 6, 17],
			"faces": {
				"north": {"uv": [0, 0, 0.25, 0.25], "texture": "#missing"},
				"east": {"uv": [0.5, 0.5, 1, 0.75], "texture": "#0"},
				"south": {"uv": [0.5, 0.5, 0.75, 0.75], "texture": "#0"},
				"west": {"uv": [0.5, 0.5, 1, 0.75], "texture": "#0"},
				"up": {"uv": [0.5, 0.5, 1, 0.75], "texture": "#0"},
				"down": {"uv": [0.5, 0.5, 1, 0.75], "texture": "#0"}
			}
		},
		{
			"from": [7, 10, 12],
			"to": [8, 11, 13],
			"color": 2,
			"faces": {
				"north": {"uv": [0, 0, 0.25, 0.25], "texture": "#missing"},
				"east": {"uv": [0, 0, 0.25, 0.25], "texture": "#missing"},
				"south": {"uv": [0, 0, 0.25, 0.25], "texture": "#missing"},
				"west": {"uv": [0, 0, 0.25, 0.25], "texture": "#missing"},
				"up": {"uv": [0, 0, 0.25, 0.25], "texture": "#missing"},
				"down": {"uv": [0, 0, 0.25, 0.25], "texture": "#missing"}
			}
		},
		{
			"from": [5, 10, 12],
			"to": [6, 11, 13],
			"color": 2,
			"faces": {
				"north": {"uv": [0, 0, 0.25, 0.25], "texture": "#missing"},
				"east": {"uv": [0, 0, 0.25, 0.25], "texture": "#missing"},
				"south": {"uv": [0, 0, 0.25, 0.25], "texture": "#missing"},
				"west": {"uv": [0, 0, 0.25, 0.25], "texture": "#missing"},
				"up": {"uv": [0, 0, 0.25, 0.25], "texture": "#missing"},
				"down": {"uv": [0, 0, 0.25, 0.25], "texture": "#missing"}
			}
		},
		{
			"from": [4, 3, 2],
			"to": [9, 6, 8],
			"faces": {
				"north": {"uv": [0, 0, 1.25, 1.25], "texture": "#missing"},
				"east": {"uv": [9, 8, 15.5, 11.5], "texture": "#0"},
				"south": {"uv": [5.75, 12.25, 7, 13.5], "texture": "#0"},
				"west": {"uv": [9, 8, 15.5, 11.5], "texture": "#0"},
				"up": {"uv": [0, 0, 1.25, 1.25], "texture": "#missing"},
				"down": {"uv": [0, 0, 1.25, 1.25], "texture": "#missing"}
			}
		},
		{
			"from": [5, 1, 0],
			"to": [8, 6, 5],
			"rotation": {"angle": 22.5, "axis": "x", "origin": [0, 0, 0]},
			"faces": {
				"north": {"uv": [0, 0, 1.25, 1.25], "texture": "#missing"},
				"east": {"uv": [11, 8.25, 15.75, 11.5], "texture": "#0"},
				"south": {"uv": [5.75, 12.25, 7, 13.5], "texture": "#0"},
				"west": {"uv": [9, 9.5, 15.5, 16], "rotation": 180, "texture": "#0"},
				"up": {"uv": [0, 0, 1.25, 1.25], "texture": "#missing"},
				"down": {"uv": [0, 0, 1.25, 1.25], "texture": "#missing"}
			}
		},
		{
			"from": [6, 7, 15],
			"to": [7, 9, 17],
			"faces": {
				"north": {"uv": [0, 0, 0.25, 0.5], "texture": "#missing"},
				"east": {"uv": [0.5, 1, 0.75, 1.25], "texture": "#0"},
				"south": {"uv": [0, 0, 0.25, 0.5], "texture": "#missing"},
				"west": {"uv": [0.5, 1, 0.75, 1.25], "texture": "#0"},
				"up": {"uv": [0.5, 1, 0.75, 1.25], "texture": "#0"},
				"down": {"uv": [0, 0, 0.25, 0.5], "texture": "#0"}
			}
		},
		{
			"from": [6, 7, 23],
			"to": [7, 9, 24],
			"faces": {
				"north": {"uv": [0, 0, 0.25, 0.5], "texture": "#missing"},
				"east": {"uv": [0.5, 1, 0.75, 1.25], "texture": "#0"},
				"south": {"uv": [0, 0, 0.25, 0.5], "texture": "#missing"},
				"west": {"uv": [0.5, 1, 0.75, 1.25], "texture": "#0"},
				"up": {"uv": [0.75, 1.25, 1, 1.5], "texture": "#0"},
				"down": {"uv": [0.5, 1, 0.75, 1.25], "texture": "#0"}
			}
		},
		{
			"from": [5, 6, 24],
			"to": [8, 9, 27],
			"faces": {
				"north": {"uv": [0.5, 1, 0.75, 1.25], "texture": "#0"},
				"east": {"uv": [0, 1.25, 0.75, 2], "texture": "#0"},
				"south": {"uv": [0, 1.25, 0.75, 2], "texture": "#0"},
				"west": {"uv": [0, 1.5, 0.75, 2.25], "texture": "#0"},
				"up": {"uv": [0, 3.25, 0.75, 4], "texture": "#0"},
				"down": {"uv": [0, 1.25, 0.75, 2], "texture": "#0"}
			}
		},
		{
			"from": [5, 6, 17],
			"to": [8, 9, 23],
			"faces": {
				"north": {"uv": [0, 1.25, 0.75, 2], "texture": "#0"},
				"east": {"uv": [3.5, 0, 5, 0.75], "texture": "#0"},
				"south": {"uv": [0, 2, 0.75, 2.75], "texture": "#0"},
				"west": {"uv": [2.5, 0, 4, 0.75], "texture": "#0"},
				"up": {"uv": [0, 2, 0.75, 3.5], "texture": "#0"},
				"down": {"uv": [0, 2, 0.75, 3.5], "texture": "#0"}
			}
		},
		{
			"from": [6, 11, 20],
			"to": [7, 16, 22],
			"rotation": {"angle": 22.5, "axis": "x", "origin": [0, 0, 0]},
			"faces": {
				"north": {"uv": [0.5, 1, 0.75, 1.25], "texture": "#0"},
				"east": {"uv": [0.5, 1, 0.75, 1.25], "texture": "#0"},
				"south": {"uv": [0.5, 1, 0.75, 1.25], "texture": "#0"},
				"west": {"uv": [0.5, 1, 0.75, 1.25], "texture": "#0"},
				"up": {"uv": [0, 0, 0.25, 0.5], "texture": "#missing"},
				"down": {"uv": [0.5, 1, 0.75, 1.25], "texture": "#0"}
			}
		}
	],
	"display": {
		"thirdperson_righthand": {
			"rotation": [-10.5, 0, 0],
			"translation": [-0.75, 1.75, 0],
			"scale": [0.5, 0.5, 0.5]
		},
		"thirdperson_lefthand": {
			"rotation": [-10.5, 0, 0],
			"translation": [-0.75, 1.75, 0],
			"scale": [-0.5, 0.5, 0.5]
		},
		"firstperson_righthand": {
			"rotation": [21.03, 7.75, 3.76],
			"translation": [-4.5, 3.5, -1.5],
			"scale": [0.6, 0.6, 0.6]
		},
		"firstperson_lefthand": {
			"rotation": [-0.51, 3.82, 9.21],
			"translation": [-5, 3.5, 0],
			"scale": [-0.6, 0.6, 0.6]
		},
		"ground": {
			"rotation": [0.01, -0.01, -1],
			"translation": [0, 2.25, 0],
			"scale": [0.5, 0.5, 0.5]
		},
		"gui": {
			"rotation": [91.92, 45.51, -88.14],
			"translation": [0.25, 0.75, 0],
			"scale": [0.6, 0.6, 0.6]
		},
		"fixed": {
			"rotation": [90, -41, 90],
			"translation": [0, 0, -0.75]
		}
	},
	"groups": [
		{
			"name": "muzzle",
			"origin": [8, 8, 8],
			"color": 0,
			"children": [0]
		},
		{
			"name": "handguard",
			"origin": [8, 8, 8],
			"color": 0,
			"children": [1, 2, 3, 4, 5]
		},
		{
			"name": "body",
			"origin": [8, 8, 8],
			"color": 0,
			"children": [6, 7, 8, 9, 10, 11, 12, 13]
		},
		{
			"name": "mag",
			"origin": [8, 8, 8],
			"color": 0,
			"children": [14, 15]
		},
		{
			"name": "stock",
			"origin": [8, 8, 8],
			"color": 0,
			"children": [16, 17, 18, 19, 20]
		}
	]
}