{
	"providers": [
		{
                  "type": "bitmap",
                  "file": "minecraft:font/clock.png",
                  "ascent": 8,
                  "height": 10,
                  "chars": ["⠁"]
		},
		{
                  "type": "bitmap",
                  "file": "minecraft:font/heart.png",
                  "ascent": 8,
                  "height": 8,
                  "chars": ["⠂"]
		},
		{
                  "type": "bitmap",
                  "file": "minecraft:font/food.png",
                  "ascent": 8,
                  "height": 8,
                  "chars": ["⠃"]
            },
            {
                  "type": "bitmap",
                  "file": "minecraft:font/speed.png",
                  "ascent": 8,
                  "height": 8,
                  "chars": ["⠄"]
		},
		{
                  "type": "bitmap",
                  "file": "minecraft:font/strength.png",
                  "ascent": 8,
                  "height": 8,
                  "chars": ["⠅"]
		},
		{
                  "type": "bitmap",
                  "file": "minecraft:font/absorption.png",
                  "ascent": 8,
                  "height": 8,
                  "chars": ["⠆"]
		},
		{
                  "type": "bitmap",
                  "file": "minecraft:font/fire_resistance.png",
                  "ascent": 8,
                  "height": 8,
                  "chars": ["⠇"]
		},
		{
                  "type": "bitmap",
                  "file": "minecraft:font/night_vision.png",
                  "ascent": 8,
                  "height": 8,
                  "chars": ["⠈"]
		},
		{
                  "type": "bitmap",
                  "file": "minecraft:font/water_breathing.png",
                  "ascent": 8,
                  "height": 8,
                  "chars": ["⠉"]
		},
		{
                  "type": "bitmap",
                  "file": "minecraft:font/mining_fatigue.png",
                  "ascent": 8,
                  "height": 8,
                  "chars": ["⠊"]
		},
		{
                  "type": "bitmap",
                  "file": "minecraft:font/weakness.png",
                  "ascent": 8,
                  "height": 8,
                  "chars": ["⠋"]
		},
		{
                  "type": "bitmap",
                  "file": "minecraft:font/luck.png",
                  "ascent": 8,
                  "height": 8,
                  "chars": ["⠌"]
		},
		{
                  "type": "bitmap",
                  "file": "minecraft:font/dolphin_grace.png",
                  "ascent": 8,
                  "height": 8,
                  "chars": ["⠍"]
		},
		{
                  "type": "bitmap",
                  "file": "minecraft:font/nausea.png",
                  "ascent": 8,
                  "height": 8,
                  "chars": ["⠎"]
		},
		{
                  "type": "bitmap",
                  "file": "minecraft:font/haste.png",
                  "ascent": 8,
                  "height": 8,
                  "chars": ["⠏"]
		},
            {
                  "type": "bitmap",
                  "file": "minecraft:gui/health_bar_1.png",
                  "ascent": 8,
                  "height": 9,
                  "chars": ["⠛"]
            },
            {
                  "type": "bitmap",
                  "file": "minecraft:gui/health_bar_2.png",
                  "ascent": 8,
                  "height": 9,
                  "chars": ["⠜"]
            },
            {
                  "type": "bitmap",
                  "file": "minecraft:gui/health_bar_3.png",
                  "ascent": 8,
                  "height": 9,
                  "chars": ["⠝"]
		}
	]
}